INSERT INTO User(username, firstname, lastname, password, email) VALUES('sportslover', 'Paul', 'Walker', '56170d486abd86a13597', 'sportslover@hotmail.com');
INSERT INTO User(username, firstname, lastname, password, email) VALUES('traveler', 'Rebecca', 'Travolta', '529b1af15efd184a8e55', 'rebt@explorer.org');
INSERT INTO User(username, firstname, lastname, password, email) VALUES('spacejunkie', 'Bob', 'Spacey', 'ec4f733a171670bd7cad', 'bspace@spacejunkies.net');

INSERT INTO Album (albumid, title, created, lastupdated, username, access) VALUES ('1', 'I love sports', '2015-09-15', '2015-09-15', 'sportslover', 'public');
INSERT INTO Album (albumid, title, created, lastupdated, username, access) VALUES ('2', 'I love football', '2015-09-15', '2015-09-15', 'sportslover', 'public');
INSERT INTO Album (albumid, title, created, lastupdated, username, access) VALUES ('3', 'Around The World', '2015-09-15', '2015-09-15', 'traveler', 'public');
INSERT INTO Album (albumid, title, created, lastupdated, username, access) VALUES ('4', 'Cool Space Shots', '2015-09-15', '2015-09-15', 'spacejunkie', 'private');

INSERT INTO Photo (picid, url, format, date) VALUES ('football_s1', '/static/pictures/football_s1.jpg', 'jpg', '2015-09-15');
INSERT INTO Photo (picid, url, format, date) VALUES ('football_s2', '/static/pictures/football_s2.jpg', 'jpg', '2015-09-15');
INSERT INTO Photo (picid, url, format, date) VALUES ('football_s3', '/static/pictures/football_s3.jpg', 'jpg', '2015-09-15');
INSERT INTO Photo (picid, url, format, date) VALUES ('football_s4', '/static/pictures/football_s4.jpg', 'jpg', '2015-09-15');
INSERT INTO Photo (picid, url, format, date) VALUES ('space_EagleNebula', '/static/pictures/space_EagleNebula.jpg', 'jpg', '2015-09-15');
INSERT INTO Photo (picid, url, format, date) VALUES ('space_GalaxyCollision', '/static/pictures/space_GalaxyCollision.jpg', 'jpg', '2015-09-15');
INSERT INTO Photo (picid, url, format, date) VALUES ('space_HelixNebula', '/static/pictures/space_HelixNebula.jpg', 'jpg', '2015-09-15');
INSERT INTO Photo (picid, url, format, date) VALUES ('space_MilkyWay', '/static/pictures/space_MilkyWay.jpg', 'jpg', '2015-09-15');
INSERT INTO Photo (picid, url, format, date) VALUES ('space_OrionNebula', '/static/pictures/space_OrionNebula.jpg', 'jpg', '2015-09-15');
INSERT INTO Photo (picid, url, format, date) VALUES ('sports_s1', '/static/pictures/sports_s1.jpg', 'jpg', '2015-09-15');
INSERT INTO Photo (picid, url, format, date) VALUES ('sports_s2', '/static/pictures/sports_s2.jpg', 'jpg', '2015-09-15');
INSERT INTO Photo (picid, url, format, date) VALUES ('sports_s3', '/static/pictures/sports_s3.jpg', 'jpg', '2015-09-15');
INSERT INTO Photo (picid, url, format, date) VALUES ('sports_s4', '/static/pictures/sports_s4.jpg', 'jpg', '2015-09-15');
INSERT INTO Photo (picid, url, format, date) VALUES ('sports_s5', '/static/pictures/sports_s5.jpg', 'jpg', '2015-09-15');
INSERT INTO Photo (picid, url, format, date) VALUES ('sports_s6', '/static/pictures/sports_s6.jpg', 'jpg', '2015-09-15');
INSERT INTO Photo (picid, url, format, date) VALUES ('sports_s7', '/static/pictures/sports_s7.jpg', 'jpg', '2015-09-15');
INSERT INTO Photo (picid, url, format, date) VALUES ('sports_s8', '/static/pictures/sports_s8.jpg', 'jpg', '2015-09-15');
INSERT INTO Photo (picid, url, format, date) VALUES ('world_EiffelTower', '/static/pictures/world_EiffelTower.jpg', 'jpg', '2015-09-15');
INSERT INTO Photo (picid, url, format, date) VALUES ('world_firenze', '/static/pictures/world_firenze.jpg', 'jpg', '2015-09-15');
INSERT INTO Photo (picid, url, format, date) VALUES ('world_GreatWall', '/static/pictures/world_GreatWall.jpg', 'jpg', '2015-09-15');
INSERT INTO Photo (picid, url, format, date) VALUES ('world_Isfahan', '/static/pictures/world_Isfahan.jpg', 'jpg', '2015-09-15');
INSERT INTO Photo (picid, url, format, date) VALUES ('world_Istanbul', '/static/pictures/world_Istanbul.jpg', 'jpg', '2015-09-15');
INSERT INTO Photo (picid, url, format, date) VALUES ('world_Persepolis', '/static/pictures/world_Persepolis.jpg', 'jpg', '2015-09-15');
INSERT INTO Photo (picid, url, format, date) VALUES ('world_Reykjavik', '/static/pictures/world_Reykjavik.jpg', 'jpg', '2015-09-15');
INSERT INTO Photo (picid, url, format, date) VALUES ('world_Seoul', '/static/pictures/world_Seoul.jpg', 'jpg', '2015-09-15');
INSERT INTO Photo (picid, url, format, date) VALUES ('world_Stonehenge', '/static/pictures/world_Stonehenge.jpg', 'jpg', '2015-09-15');
INSERT INTO Photo (picid, url, format, date) VALUES ('world_TajMahal', '/static/pictures/world_TajMahal.jpg', 'jpg', '2015-09-15');
INSERT INTO Photo (picid, url, format, date) VALUES ('world_TelAviv', '/static/pictures/world_TelAviv.jpg', 'jpg', '2015-09-15');
INSERT INTO Photo (picid, url, format, date) VALUES ('world_tokyo', '/static/pictures/world_tokyo.jpg', 'jpg', '2015-09-15');
INSERT INTO Photo (picid, url, format, date) VALUES ('world_WashingtonDC', '/static/pictures/world_WashingtonDC.jpg', 'jpg', '2015-09-15');

INSERT INTO Contain (albumid, picid, caption, sequencenum) VALUES ('2', 'football_s1', '', '1');
INSERT INTO Contain (albumid, picid, caption, sequencenum) VALUES ('2', 'football_s2', '','2');
INSERT INTO Contain (albumid, picid, caption, sequencenum) VALUES ('2', 'football_s3', '','3');
INSERT INTO Contain (albumid, picid, caption, sequencenum) VALUES ('2', 'football_s4', '', '4');
INSERT INTO Contain (albumid, picid, caption, sequencenum) VALUES ('4', 'space_EagleNebula', '', '1');
INSERT INTO Contain (albumid, picid, caption, sequencenum) VALUES ('4', 'space_GalaxyCollision', '', '2');
INSERT INTO Contain (albumid, picid, caption, sequencenum) VALUES ('4', 'space_HelixNebula', '', '3');
INSERT INTO Contain (albumid, picid, caption, sequencenum) VALUES ('4', 'space_MilkyWay', '', '4');
INSERT INTO Contain (albumid, picid, caption, sequencenum) VALUES ('4', 'space_OrionNebula', '', '5');
INSERT INTO Contain (albumid, picid, caption, sequencenum) VALUES ('1', 'sports_s1', '', '1');
INSERT INTO Contain (albumid, picid, caption, sequencenum) VALUES ('1', 'sports_s2', '', '2');
INSERT INTO Contain (albumid, picid, caption, sequencenum) VALUES ('1', 'sports_s3', '', '3');
INSERT INTO Contain (albumid, picid, caption, sequencenum) VALUES ('1', 'sports_s4', '', '4');
INSERT INTO Contain (albumid, picid, caption, sequencenum) VALUES ('1', 'sports_s5', '', '5');
INSERT INTO Contain (albumid, picid, caption, sequencenum) VALUES ('1', 'sports_s6', '', '6');
INSERT INTO Contain (albumid, picid, caption, sequencenum) VALUES ('1', 'sports_s7', '', '7');
INSERT INTO Contain (albumid, picid, caption, sequencenum) VALUES ('1', 'sports_s8', '', '8');
INSERT INTO Contain (albumid, picid, caption, sequencenum) VALUES ('3', 'world_EiffelTower', '', '1');
INSERT INTO Contain (albumid, picid, caption, sequencenum) VALUES ('3', 'world_firenze', '', '2');
INSERT INTO Contain (albumid, picid, caption, sequencenum) VALUES ('3', 'world_GreatWall', '', '3');
INSERT INTO Contain (albumid, picid, caption, sequencenum) VALUES ('3', 'world_Isfahan', '', '4');
INSERT INTO Contain (albumid, picid, caption, sequencenum) VALUES ('3', 'world_Istanbul', '', '5');
INSERT INTO Contain (albumid, picid, caption, sequencenum) VALUES ('3', 'world_Persepolis', '', '6');
INSERT INTO Contain (albumid, picid, caption, sequencenum) VALUES ('3', 'world_Reykjavik', '', '7');
INSERT INTO Contain (albumid, picid, caption, sequencenum) VALUES ('3', 'world_Seoul', '', '8');
INSERT INTO Contain (albumid, picid, caption, sequencenum) VALUES ('3', 'world_Stonehenge', '', '9');
INSERT INTO Contain (albumid, picid, caption, sequencenum) VALUES ('3', 'world_TajMahal', '', '10');
INSERT INTO Contain (albumid, picid, caption, sequencenum) VALUES ('3', 'world_TelAviv', '', '11');
INSERT INTO Contain (albumid, picid, caption, sequencenum) VALUES ('3', 'world_tokyo', '', '12');
INSERT INTO Contain (albumid, picid, caption, sequencenum) VALUES ('3', 'world_WashingtonDC', '', '13');

INSERT INTO AlbumAccess (albumid, username) VALUES ('4', 'traveler');

INSERT INTO Favorite (picid, username, date) VALUES ('football_s3','spacejunkie','2015-10-05 22:23:23');
INSERT INTO Favorite (picid, username, date) VALUES ('football_s3','sportslover','2015-10-05 21:23:23');
INSERT INTO Favorite (picid, username, date) VALUES ('football_s2','spacejunkie','2015-10-05 23:23:35');
INSERT INTO Favorite (picid, username, date) VALUES ('football_s2','sportslover','2015-10-05 23:45:35');
INSERT INTO Favorite (picid, username, date) VALUES ('football_s2','traveler','2015-10-05 21:10:35');
INSERT INTO Favorite (picid, username, date) VALUES ('football_s1','traveler','2015-10-05 23:10:35');
INSERT INTO Favorite (picid, username, date) VALUES ('football_s1','spacejunkie','2015-10-05 23:15:35');

UPDATE Contain SET caption='What do you want me to do?' WHERE picid='football_s3';
